{"data": [[{"$date": 1524706200000}, -0.126], [{"$date": 1522364280000}, 0.0], [{"$date": 1522364400000}, 0.0], [{"$date": 1522250040000}, 0.0], [{"$date": 1522257060000}, 0.6369], [{"$date": 1522260840000}, 0.0], [{"$date": 1522264440000}, 0.6369], [{"$date": 1522271580000}, 0.0], [{"$date": 1522274820000}, 0.6369], [{"$date": 1522131060000}, 0.0], [{"$date": 1522152600000}, 0.0], [{"$date": 1522163640000}, 0.0], [{"$date": 1527435420000}, 0.5386], [{"$date": 1521115140000}, 0.0], [{"$date": 1522006080000}, 0.0], [{"$date": 1522006320000}, 0.0], [{"$date": 1522008060000}, 0.0], [{"$date": 1521925080000}, 0.0], [{"$date": 1521925980000}, 0.0], [{"$date": 1522368780000}, 0.0], [{"$date": 1522379520000}, 0.0], [{"$date": 1522390320000}, 0.0], [{"$date": 1522401060000}, 0.0], [{"$date": 1522411860000}, 0.0], [{"$date": 1522422840000}, 0.0], [{"$date": 1522433640000}, 0.0], [{"$date": 1522444380000}, 0.0], [{"$date": 1522944660000}, 0.6369], [{"$date": 1508321460000}, 0.0], [{"$date": 1516055160000}, 0.34], [{"$date": 1508351400000}, 0.0], [{"$date": 1508351640000}, 0.0], [{"$date": 1516286700000}, 0.7482], [{"$date": 1515645780000}, 0.0], [{"$date": 1515710100000}, 0.0], [{"$date": 1515544080000}, 0.0], [{"$date": 1508035680000}, -0.1027], [{"$date": 1515438060000}, 0.1511], [{"$date": 1515650820000}, 0.0], [{"$date": 1515743760000}, 0.31845], [{"$date": 1511679360000}, 0.0], [{"$date": 1515709560000}, 0.6249], [{"$date": 1519759620000}, 0.0], [{"$date": 1516287300000}, 0.34], [{"$date": 1519729320000}, 0.5719], [{"$date": 1515646680000}, 0.0], [{"$date": 1515946860000}, 0.38915], [{"$date": 1518305760000}, 0.3578], [{"$date": 1507737720000}, -0.128], [{"$date": 1508004600000}, 0.0], [{"$date": 1508004960000}, -0.1759], [{"$date": 1515889680000}, 0.0], [{"$date": 1518199320000}, 0.8494], [{"$date": 1515517920000}, 0.0], [{"$date": 1515836640000}, 0.0], [{"$date": 1516089000000}, 0.4404], [{"$date": 1516521420000}, 0.0], [{"$date": 1507871040000}, 0.2695], [{"$date": 1518299160000}, 0.8868], [{"$date": 1508371980000}, 0.4926], [{"$date": 1508364540000}, 0.0], [{"$date": 1511291640000}, 0.7639], [{"$date": 1515898560000}, 0.0], [{"$date": 1509985080000}, 0.69], [{"$date": 1512935160000}, -0.3182], [{"$date": 1515866280000}, 0.9078], [{"$date": 1517626980000}, 0.5135], [{"$date": 1517211780000}, 0.3578], [{"$date": 1516053840000}, 0.34], [{"$date": 1515204540000}, 0.7783], [{"$date": 1516654560000}, 0.69], [{"$date": 1508846040000}, 0.0], [{"$date": 1516049460000}, 0.7081], [{"$date": 1519129620000}, 0.0], [{"$date": 1520958600000}, 0.0], [{"$date": 1515918360000}, 0.0], [{"$date": 1512957060000}, 0.85475], [{"$date": 1515652740000}, 0.0], [{"$date": 1519637160000}, 0.0], [{"$date": 1515351480000}, 0.0], [{"$date": 1512213720000}, 0.0], [{"$date": 1509219840000}, 0.0], [{"$date": 1515801480000}, 0.9131], [{"$date": 1518156120000}, 0.8494], [{"$date": 1515734700000}, 0.0], [{"$date": 1516675560000}, 0.6705], [{"$date": 1515740460000}, 0.31845], [{"$date": 1515653460000}, 0.0], [{"$date": 1508422980000}, 0.0], [{"$date": 1508007120000}, 0.0], [{"$date": 1508498640000}, 0.0], [{"$date": 1508498760000}, 0.0], [{"$date": 1518201660000}, 0.8494], [{"$date": 1517351160000}, 0.3612], [{"$date": 1515363780000}, 0.0], [{"$date": 1510721820000}, 0.3182], [{"$date": 1515988980000}, 0.8402], [{"$date": 1511690700000}, 0.0], [{"$date": 1507800780000}, 0.0], [{"$date": 1508328660000}, 0.3715], [{"$date": 1518643800000}, 0.807], [{"$date": 1515652860000}, 0.0], [{"$date": 1515741480000}, 0.7003], [{"$date": 1519639020000}, 0.0], [{"$date": 1512721440000}, 0.8583000000000001], [{"$date": 1520238420000}, 0.0], [{"$date": 1508578380000}, 0.0], [{"$date": 1515364620000}, 0.0], [{"$date": 1512720660000}, 0.8585], [{"$date": 1512720720000}, 0.0], [{"$date": 1519149660000}, 0.0], [{"$date": 1518240240000}, 0.0], [{"$date": 1517367060000}, 0.3612], [{"$date": 1517367480000}, 0.3612], [{"$date": 1516286280000}, 0.34], [{"$date": 1510095360000}, -0.1027], [{"$date": 1508329620000}, 0.0], [{"$date": 1515938400000}, 0.7845], [{"$date": 1516570980000}, 0.34], [{"$date": 1508035020000}, 0.0], [{"$date": 1508824620000}, 0.4738], [{"$date": 1515890520000}, 0.0], [{"$date": 1517344800000}, 0.3612], [{"$date": 1508497740000}, 0.0], [{"$date": 1510520820000}, 0.3612], [{"$date": 1512323880000}, 0.70575], [{"$date": 1517350500000}, 0.3612], [{"$date": 1517366760000}, 0.3612], [{"$date": 1518749880000}, 0.0], [{"$date": 1509556200000}, 0.0], [{"$date": 1515815700000}, 0.9078], [{"$date": 1515815760000}, 0.4938], [{"$date": 1510169640000}, 0.6239], [{"$date": 1515165120000}, 0.2997], [{"$date": 1515886080000}, 0.0], [{"$date": 1510986720000}, 0.46704999999999997], [{"$date": 1512145740000}, 0.0], [{"$date": 1517422800000}, 0.8007], [{"$date": 1516933680000}, 0.0], [{"$date": 1515903120000}, 0.0], [{"$date": 1508410620000}, 0.5859], [{"$date": 1511310480000}, 0.7639], [{"$date": 1512208500000}, 0.0], [{"$date": 1518115920000}, 0.8494], [{"$date": 1508409720000}, 0.0], [{"$date": 1509965160000}, 0.8585], [{"$date": 1509965280000}, 0.69], [{"$date": 1518775320000}, 0.0], [{"$date": 1516490700000}, 0.34], [{"$date": 1518325440000}, 0.8868], [{"$date": 1515822420000}, 0.9078], [{"$date": 1515886260000}, 0.38915], [{"$date": 1509941340000}, 0.69], [{"$date": 1509048960000}, 0.0], [{"$date": 1509049020000}, 0.0], [{"$date": 1517180820000}, 0.3578], [{"$date": 1511655660000}, 0.2463], [{"$date": 1520180280000}, 0.0], [{"$date": 1508395620000}, 0.0], [{"$date": 1508521080000}, 0.0], [{"$date": 1512335280000}, 0.0], [{"$date": 1515880080000}, 0.0], [{"$date": 1509625620000}, 0.0], [{"$date": 1519623120000}, 0.0], [{"$date": 1520477880000}, 0.0], [{"$date": 1515870840000}, 0.0], [{"$date": 1509727740000}, 0.5904], [{"$date": 1512144060000}, 0.6458], [{"$date": 1512144120000}, 0.6458], [{"$date": 1512144180000}, 0.6776], [{"$date": 1512144300000}, 0.6776], [{"$date": 1512144360000}, 0.6776], [{"$date": 1512877320000}, 0.85475], [{"$date": 1508204220000}, 0.0], [{"$date": 1508335320000}, 0.0], [{"$date": 1508335380000}, 0.41355], [{"$date": 1508335440000}, 0.41355], [{"$date": 1508335560000}, 0.41355], [{"$date": 1516497480000}, 0.17], [{"$date": 1515632280000}, 0.0], [{"$date": 1519115280000}, 0.0], [{"$date": 1515885180000}, 0.0], [{"$date": 1508069760000}, 0.0], [{"$date": 1519753200000}, 0.5719], [{"$date": 1517394780000}, 0.3612], [{"$date": 1518776880000}, 0.0], [{"$date": 1515870420000}, 0.9078], [{"$date": 1515425760000}, 0.0], [{"$date": 1508438580000}, 0.0], [{"$date": 1508438640000}, 0.0], [{"$date": 1509767760000}, -0.148], [{"$date": 1508521740000}, 0.0], [{"$date": 1509415740000}, 0.8585], [{"$date": 1512759120000}, 0.8583000000000001], [{"$date": 1509013680000}, 0.0], [{"$date": 1508417160000}, 0.0], [{"$date": 1515934080000}, 0.38915], [{"$date": 1516096200000}, 0.4404], [{"$date": 1512284940000}, 0.69655], [{"$date": 1509403980000}, 0.8967], [{"$date": 1520172780000}, 0.0], [{"$date": 1512780900000}, 0.8583000000000001], [{"$date": 1515688320000}, 0.6705], [{"$date": 1509115620000}, 0.5837], [{"$date": 1517502420000}, 0.5135], [{"$date": 1512877020000}, 0.85475], [{"$date": 1509403680000}, 0.8585], [{"$date": 1508417460000}, 0.0], [{"$date": 1517183880000}, 0.3578], [{"$date": 1508521980000}, 0.0], [{"$date": 1512876300000}, 0.85475], [{"$date": 1509366780000}, 0.0], [{"$date": 1518778560000}, 0.0], [{"$date": 1515180720000}, 0.2997], [{"$date": 1507814460000}, 0.0], [{"$date": 1511285580000}, 0.7639], [{"$date": 1517373420000}, 0.3612], [{"$date": 1515687420000}, 0.0], [{"$date": 1510614360000}, 0.6696], [{"$date": 1508342580000}, 0.3071], [{"$date": 1509021600000}, 0.5837], [{"$date": 1508512920000}, 0.0], [{"$date": 1508513100000}, 0.0], [{"$date": 1515967860000}, 0.6808], [{"$date": 1515878340000}, 0.0], [{"$date": 1515432660000}, 0.1511], [{"$date": 1515963420000}, 0.3397], [{"$date": 1515629820000}, 0.0], [{"$date": 1508043180000}, 0.0], [{"$date": 1518783960000}, 0.0], [{"$date": 