{"data": [[{"$date": 1524739380000}, 0.6166], [{"$date": 1527509580000}, 0.6166], [{"$date": 1527516780000}, 0.6166], [{"$date": 1523522580000}, 0.6166], [{"$date": 1523535180000}, 0.6166], [{"$date": 1521436380000}, 0.6166], [{"$date": 1531897980000}, 0.6166], [{"$date": 1522651380000}, 0.6166], [{"$date": 1534308180000}, 0.6166], [{"$date": 1529140380000}, 0.6166], [{"$date": 1529155800000}, 0.0], [{"$date": 1529647980000}, 0.6166], [{"$date": 1529649780000}, 0.6166], [{"$date": 1534837380000}, 0.6166], [{"$date": 1534871580000}, 0.6166], [{"$date": 1523889780000}, 0.0], [{"$date": 1526622180000}, 0.0], [{"$date": 1526685180000}, 0.0], [{"$date": 1522365180000}, 0.0], [{"$date": 1525752780000}, 0.6166], [{"$date": 1525758180000}, 0.6166], [{"$date": 1528764180000}, 0.6166], [{"$date": 1522977180000}, 0.0], [{"$date": 1524006780000}, 0.6166], [{"$date": 1527993780000}, 0.6166], [{"$date": 1528037580000}, 0.0], [{"$date": 1526708580000}, 0.6166], [{"$date": 1526710380000}, 0.6166], [{"$date": 1522212180000}, 0.0], [{"$date": 1522233780000}, 0.0], [{"$date": 1522255260000}, 0.6369], [{"$date": 1522264380000}, 0.6166], [{"$date": 1522272360000}, 0.6369], [{"$date": 1522278000000}, 0.6369], [{"$date": 1535097000000}, 0.0], [{"$date": 1535133840000}, 0.74065], [{"$date": 1535144280000}, 0.74065], [{"$date": 1530063780000}, 0.6166], [{"$date": 1530065580000}, 0.6166], [{"$date": 1530137580000}, 0.6166], [{"$date": 1525887780000}, 0.6166], [{"$date": 1528886580000}, 0.6166], [{"$date": 1523085180000}, 0.6166], [{"$date": 1523110380000}, 0.0], [{"$date": 1523119380000}, 0.6166], [{"$date": 1524793380000}, 0.6166], [{"$date": 1524825780000}, 0.0], [{"$date": 1527594180000}, 0.6166], [{"$date": 1528368180000}, 0.6166], [{"$date": 1523648580000}, 0.6166], [{"$date": 1521398580000}, 0.0], [{"$date": 1534221780000}, 0.6166], [{"$date": 1529278980000}, 0.5622], [{"$date": 1526951580000}, 0.6166], [{"$date": 1526974980000}, 0.0], [{"$date": 1526982300000}, 0.0], [{"$date": 1526487180000}, 0.6166], [{"$date": 1524026580000}, 0.6166], [{"$date": 1531397580000}, 0.6166], [{"$date": 1525570980000}, 0.6166], [{"$date": 1525578180000}, 0.6166], [{"$date": 1525632180000}, 0.5622], [{"$date": 1530150180000}, 0.6166], [{"$date": 1530175380000}, 0.6166], [{"$date": 1521767580000}, 0.5622], [{"$date": 1521843180000}, 0.0], [{"$date": 1526087580000}, 0.0], [{"$date": 1526116380000}, 0.0], [{"$date": 1528441980000}, 0.6166], [{"$date": 1528472580000}, 0.6166], [{"$date": 1527297180000}, 0.0], [{"$date": 1527360180000}, 0.0], [{"$date": 1532268780000}, 0.6166], [{"$date": 1529300580000}, 0.6166], [{"$date": 1529336580000}, 0.5622], [{"$date": 1525284780000}, 0.0], [{"$date": 1525286580000}, 0.6166], [{"$date": 1531705380000}, 0.6166], [{"$date": 1531726980000}, 0.6166], [{"$date": 1531750380000}, 0.6166], [{"$date": 1521677580000}, 0.0], [{"$date": 1521733380000}, 0.6166], [{"$date": 1528567980000}, 0.6166], [{"$date": 1527379980000}, 0.0], [{"$date": 1527388980000}, 0.0], [{"$date": 1527405180000}, 0.0], [{"$date": 1524962580000}, 0.0], [{"$date": 1524993180000}, 0.6166], [{"$date": 1532385780000}, 0.6166], [{"$date": 1525345980000}, 0.6166], [{"$date": 1525362180000}, 0.6166], [{"$date": 1531786380000}, 0.6166], [{"$date": 1522064580000}, 0.6166], [{"$date": 1522086180000}, 0.6166], [{"$date": 1527090180000}, 0.0], [{"$date": 1524130980000}, 0.6166], [{"$date": 1524179580000}, 0.0], [{"$date": 1523288580000}, 0.0], [{"$date": 1525662780000}, 0.6166], [{"$date": 1525668180000}, 0.0], [{"$date": 1525675380000}, 0.6166], [{"$date": 1530286200000}, 0.0], [{"$date": 1521074580000}, 0.6166], [{"$date": 1521078180000}, 0.6166], [{"$date": 1521085380000}, 0.6166], [{"$date": 1521142980000}, 0.0], [{"$date": 1521634380000}, 0.0], [{"$date": 1521645180000}, 0.6166], [{"$date": 1527140580000}, 0.0], [{"$date": 1527156780000}, 0.6166], [{"$date": 1527183780000}, 0.6166], [{"$date": 1532097240000}, 0.0], [{"$date": 1532130180000}, 0.6166], [{"$date": 1522483980000}, 0.0], [{"$date": 1522492980000}, 0.6166], [{"$date": 1521940380000}, 0.6166], [{"$date": 1521976380000}, 0.6166], [{"$date": 1526776980000}, 0.0], [{"$date": 1526782380000}, 0.6166], [{"$date": 1526267580000}, 0.0], [{"$date": 1526328780000}, 0.0], [{"$date": 1532391180000}, 0.6166], [{"$date": 1532436180000}, 0.6166], [{"$date": 1521877380000}, 0.6166], [{"$date": 1526868780000}, 0.6166], [{"$date": 1526350380000}, 0.6166], [{"$date": 1526373780000}, 0.6166], [{"$date": 1526393100000}, 0.5106], [{"$date": 1526393160000}, 0.5106], [{"$date": 1527797580000}, 0.0], [{"$date": 1527799380000}, 0.0], [{"$date": 1521036780000}, 0.0], [{"$date": 1521049380000}, 0.0], [{"$date": 1521061980000}, 0.6166], [{"$date": 1521510180000}, 0.6166], [{"$date": 1521544380000}, 0.0], [{"$date": 1521562380000}, 0.6166], [{"$date": 1526002980000}, 0.0], [{"$date": 1532155380000}, 0.6166], [{"$date": 1532184180000}, 0.6166], [{"$date": 1531613580000}, 0.6166], [{"$date": 1522413780000}, 0.6166], [{"$date": 1524249780000}, 0.6166], [{"$date": 1525128180000}, 0.0], [{"$date": 1534191180000}, 0.6166], [{"$date": 1534194780000}, 0.6166], [{"$date": 1534196580000}, 0.6166], [{"$date": 1528643580000}, 0.6166], [{"$date": 1524568740000}, 0.0], [{"$date": 1524611580000}, 0.0], [{"$date": 1523398380000}, 0.6166], [{"$date": 1528081980000}, 0.6166], [{"$date": 1528117980000}, 0.6166], [{"$date": 1534545780000}, 0.6166], [{"$date": 1524625980000}, 0.0], [{"$date": 1524684480000}, -0.7692], [{"$date": 1523430780000}, 0.0], [{"$date": 1528215180000}, 0.6166], [{"$date": 1529041380000}, 0.6166], [{"$date": 1522598880000}, 0.4939], [{"$date": 1522612440000}, 0.0], [{"$date": 1522613580000}, 0.6166], [{"$date": 1534394580000}, 0.6166], [{"$date": 1534414380000}, 0.6166], [{"$date": 1534417980000}, 0.6166], [{"$date": 1529554380000}, 0.6166], [{"$date": 1527874980000}, 0.6166], [{"$date": 1523765580000}, 0.6166], [{"$date": 1523778180000}, 0.0], [{"$date": 1523817780000}, 0.6166], [{"$date": 1523826780000}, 0.6166], [{"$date": 1523835780000}, 0.6166], [{"$date": 1529950380000}, 0.6166], [{"$date": 1534043580000}, 0.6166], [{"$date": 1534106580000}, 0.6166], [{"$date": 1522945080000}, 0.6369], [{"$date": 1528708380000}, 0.6166], [{"$date": 1528740780000}, 0.5622], [{"$date": 1528760580000}, 0.6166], [{"$date": 1518990180000}, 0.6166], [{"$date": 1504518900000}, 0.6166], [{"$date": 1519364580000}, 0.6166], [{"$date": 1513773780000}, 0.6166], [{"$date": 1504801500000}, 0.0], [{"$date": 1515674580000}, 0.6166], [{"$date": 1520268180000}, 0.6166], [{"$date": 1504893240000}, 0.6166], [{"$date": 1520899980000}, 0.6166], [{"$date": 1516394580000}, 0.6166], [{"$date": 1504300920000}, 0.7712], [{"$date": 1505465340000}, 0.4466], [{"$date": 1518305520000}, 0.8868], [{"$date": 1504495560000}, 0.0], [{"$date": 1505361840000}, 0.34], [{"$date": 1519738980000}, 0.0], [{"$date": 1505097480000}, 0.6467], [{"$date": 1519263360000}, 0.0], [{"$date": 1518215100000}, 0.8868], [{"$date": 1505363880000}, 0.34], [{"$date": 1512159180000}, 0.0], [{"$date": 1517605980000}, 0.0], [{"$date": 1517622180000}, 0.6166], [{"$date": 1518201060000}, 0.8494], [{"$date": 1505090640000}, 0.0], [{"$date": 1505090940000}, 0.0], [{"$date": 1504334220000}, 0.7712], [{"$date": 1519497780000}, 0.0], [{"$date": 1505419440000}, 0.0], [{"$date": 1505074500000}, 0.0], [{"$date": 1516470180000}, 0.6166], [{"$date": 1519270980000}, 0.0], [{"$date": 1519814580000}, 0.0], [{"$date": 1505148720000}, 0.0], [{"$date": 1504884600000}, 0.7506], [{"$date": 1504885080000}, 0.7506], [{"$date": 1505188020000}, 0.0], [{"$date": 1513802400000}, 0.0], [{"$date": 1517364780000}, 0.6166], [{"$date": 1519893780000}, 0.0], [{"$date": 1515123780000}, 0.8091], [{"$date": 1518180180000}, 0.0], [{"$date": 1504646220000}, 0.0], [{"$date": 1514418180000}, 0.0], [{"$date": 1518342120000}, 0.8868], [{"$date": 1515441120000}, 0.765], [{"$date": 1513752720000}, -0.296], [{"$date": 1520653380000}, 0.6166], [{"$date": 1514501280000}, 0.6705], 