{"data": [[{"$date": 1526751120000}, -0.914], [{"$date": 1526761920000}, 0.4585], [{"$date": 1522252680000}, 0.6369], [{"$date": 1522263180000}, 0.6369], [{"$date": 1522273800000}, 0.6369], [{"$date": 1522126800000}, 0.2023], [{"$date": 1522187220000}, 0.0], [{"$date": 1526489940000}, 0.3818], [{"$date": 1524036360000}, -0.8126], [{"$date": 1524040320000}, 0.0], [{"$date": 1521805440000}, 0.0], [{"$date": 1521823440000}, -0.6908], [{"$date": 1521827340000}, 0.4215], [{"$date": 1521834060000}, 0.7905], [{"$date": 1521239160000}, 0.0], [{"$date": 1521710160000}, -0.1203], [{"$date": 1526221920000}, 0.6773], [{"$date": 1526229240000}, -0.7184], [{"$date": 1521074640000}, 0.0], [{"$date": 1521079080000}, 0.66885], [{"$date": 1521086460000}, 0.4404], [{"$date": 1521646320000}, -0.8885], [{"$date": 1521646620000}, -0.8885], [{"$date": 1521646680000}, -0.8885], [{"$date": 1521646740000}, -0.8885], [{"$date": 1521647340000}, -0.44425], [{"$date": 1521663720000}, 0.4329], [{"$date": 1521664320000}, 0.7059], [{"$date": 1525941720000}, 0.32025], [{"$date": 1521970380000}, 0.0], [{"$date": 1522004100000}, -0.6908], [{"$date": 1522007220000}, 0.5477], [{"$date": 1527662280000}, 0.4215], [{"$date": 1527662520000}, 0.35885], [{"$date": 1521894300000}, -0.6908], [{"$date": 1521894360000}, -0.6908], [{"$date": 1521894420000}, -0.6908], [{"$date": 1521894480000}, -0.6908], [{"$date": 1521898200000}, -0.3454], [{"$date": 1521568860000}, 0.1757], [{"$date": 1523737260000}, 0.128], [{"$date": 1525075320000}, 0.6773], [{"$date": 1524684420000}, 0.0], [{"$date": 1528231440000}, 0.006900000000000017], [{"$date": 1528231620000}, 0.75705], [{"$date": 1534441620000}, 0.0], [{"$date": 1522941660000}, 0.6369], [{"$date": 1523501760000}, 0.0], [{"$date": 1523504760000}, 0.0], [{"$date": 1523517900000}, 0.0], [{"$date": 1523558580000}, 0.0], [{"$date": 1523562420000}, -0.6486], [{"$date": 1521450120000}, -0.5848], [{"$date": 1529121180000}, 0.0], [{"$date": 1534821600000}, 0.52235], [{"$date": 1523877900000}, 0.0], [{"$date": 1523884260000}, 0.6901], [{"$date": 1523890920000}, -0.5434], [{"$date": 1523903520000}, 0.0], [{"$date": 1522360080000}, -0.3182], [{"$date": 1523041740000}, 0.5338], [{"$date": 1527993480000}, 0.0], [{"$date": 1526758380000}, 0.5859], [{"$date": 1522235100000}, 0.6249], [{"$date": 1522244460000}, -0.2263], [{"$date": 1522247760000}, 0.0], [{"$date": 1525880640000}, 0.8176], [{"$date": 1523071500000}, -0.8253], [{"$date": 1523074260000}, -0.3825], [{"$date": 1523075520000}, -0.643], [{"$date": 1523582100000}, 0.0], [{"$date": 1521410700000}, -0.5848], [{"$date": 1529719020000}, 0.0], [{"$date": 1522147020000}, 0.0], [{"$date": 1522152120000}, -0.4696], [{"$date": 1522154340000}, -0.4696], [{"$date": 1522161360000}, 0.5418], [{"$date": 1526453940000}, 0.0258], [{"$date": 1523198220000}, -0.6072], [{"$date": 1531357380000}, 0.2183], [{"$date": 1530195240000}, 0.0516], [{"$date": 1521798900000}, -0.2288], [{"$date": 1521799020000}, 0.7461], [{"$date": 1521801660000}, 0.0], [{"$date": 1521801720000}, 0.0], [{"$date": 1521811560000}, 0.0], [{"$date": 1521814680000}, 0.0], [{"$date": 1521814740000}, 0.0], [{"$date": 1521817080000}, 0.242], [{"$date": 1521823740000}, 0.2617], [{"$date": 1521848640000}, 0.4019], [{"$date": 1521703440000}, -0.2621], [{"$date": 1521745140000}, 0.8625], [{"$date": 1526229480000}, -0.3643], [{"$date": 1526239620000}, 0.5229], [{"$date": 1526239740000}, 0.3905], [{"$date": 1527396540000}, 0.0], [{"$date": 1527458400000}, 0.34], [{"$date": 1527458580000}, 0.34], [{"$date": 1524997320000}, 0.3612], [{"$date": 1525002660000}, 0.0], [{"$date": 1522031820000}, 0.0516], [{"$date": 1522060860000}, -0.2732], [{"$date": 1522077060000}, 0.1531], [{"$date": 1522077120000}, 0.0], [{"$date": 1526579580000}, 0.6369], [{"$date": 1524130500000}, -0.296], [{"$date": 1524135420000}, -0.743], [{"$date": 1523265120000}, 0.0], [{"$date": 1523292420000}, 0.6767], [{"$date": 1531480620000}, 0.0], [{"$date": 1521087240000}, 0.5106], [{"$date": 1521113220000}, 0.743], [{"$date": 1521594120000}, 0.0], [{"$date": 1521606960000}, -0.6124], [{"$date": 1521608700000}, -0.6249], [{"$date": 1521609240000}, 0.4215], [{"$date": 1521613740000}, 0.0], [{"$date": 1521620940000}, -0.5719], [{"$date": 1521649680000}, -0.4576], [{"$date": 1521649740000}, -0.4576], [{"$date": 1521650040000}, 0.0], [{"$date": 1521665760000}, 0.5962], [{"$date": 1521670320000}, -0.596], [{"$date": 1522004700000}, 0.5386], [{"$date": 1522006140000}, -0.7278], [{"$date": 1526260680000}, 0.0], [{"$date": 1526316780000}, -0.5719], [{"$date": 1525471320000}, 0.0], [{"$date": 1531230420000}, -0.2023], [{"$date": 1521856560000}, 0.2617], [{"$date": 1521891180000}, -0.1027], [{"$date": 1521547920000}, 0.0], [{"$date": 1521558660000}, 0.0], [{"$date": 1521561900000}, 0.0], [{"$date": 1521581280000}, -0.5719], [{"$date": 1521587700000}, -0.5106], [{"$date": 1532170140000}, 0.1111], [{"$date": 1522410660000}, 0.0], [{"$date": 1522411020000}, -0.3243], [{"$date": 1522411080000}, -0.07655], [{"$date": 1522412700000}, 0.4329], [{"$date": 1522428960000}, 0.0], [{"$date": 1523673480000}, -0.8244], [{"$date": 1523723820000}, 0.0], [{"$date": 1523733540000}, 0.7351], [{"$date": 1523738520000}, -0.4767], [{"$date": 1528590300000}, 0.0], [{"$date": 1524545700000}, -0.5106], [{"$date": 1528113600000}, 0.0], [{"$date": 1524625200000}, 0.0], [{"$date": 1522552500000}, 0.0516], [{"$date": 1534089300000}, 0.2244], [{"$date": 1522921380000}, 0.0], [{"$date": 1520802000000}, -0.5106], [{"$date": 1520775000000}, -0.5106], [{"$date": 1518017640000}, 0.2732], [{"$date": 1517997420000}, 0.0], [{"$date": 1520797980000}, 0.2023], [{"$date": 1514860080000}, 0.0], [{"$date": 1520992200000}, -0.0516], [{"$date": 1520650800000}, 0.2023], [{"$date": 1520651280000}, 0.2023], [{"$date": 1520797620000}, 0.4215], [{"$date": 1520797740000}, 0.9313], [{"$date": 1518199440000}, 0.5106], [{"$date": 1520077140000}, 0.0], [{"$date": 1518107700000}, 0.0], [{"$date": 1510036260000}, 0.0], [{"$date": 1520512680000}, 0.7734], [{"$date": 1519665060000}, 0.765], [{"$date": 1517863500000}, 0.6166], [{"$date": 1517733360000}, 0.0], [{"$date": 1520849820000}, 0.128], [{"$date": 1520604000000}, 0.0], [{"$date": 1520803800000}, -0.5106], [{"$date": 1517712720000}, 0.0], [{"$date": 1520795340000}, -0.024], [{"$date": 1520582460000}, 0.0], [{"$date": 1517862240000}, 0.6166], [{"$date": 1512948540000}, 0.765], [{"$date": 1517862780000}, 0.6166], [{"$date": 1520583300000}, 0.0], [{"$date": 1509557760000}, 0.5106], [{"$date": 1520111520000}, 0.3818], [{"$date": 1520886120000}, 0.0], [{"$date": 1518178080000}, 0.5106], [{"$date": 1520611200000}, 0.2023], [{"$date": 1520611440000}, 0.2023], [{"$date": 1520851920000}, 0.0], [{"$date": 1520606520000}, 0.4588], [{"$date": 1517995440000}, 0.62405], [{"$date": 1520112960000}, -0.6662], [{"$date": 1518207900000}, 0.7256], [{"$date": 1520796600000}, -0.5106], [{"$date": 1520796780000}, 0.0], [{"$date": 1515544920000}, 0.8398], [{"$date": 1520571060000}, 0.0], [{"$date": 1520760600000}, -0.5106], [{"$date": 1520760660000}, 0.0], [{"$date": 1517685720000}, 0.0], [{"$date": 1520820180000}, 0.0], [{"$date": 1520719080000}, -0.6289], [{"$date": 1520589600000}, 0.0], [{"$date": 1520589720000}, 0.0], [{"$date": 1520864100000}, 0.25], [{"$date": 1518325560000}, -0.1027], [{"$date": 1520723940000}, 0.5106], [{"$date": 1520787600000}, -0.5106], [{"$date": 1520787900000}, 0.0], [{"$date": 1517775720000}, 0.0], [{"$date": 1518194880000}, 0.5106], [{"$date": 1517563380000}, 0.0], [{"$date": 1520789700000}, 0.0], [{"$date": 1517909580000}, 0.0], [{"$date": 1520710200000}, -0.5106], [{"$date": 1513735200000}, 0.0], [{"$date": 1520923680000}, -0.0516], [{"$date": 1517684940000}, 0.0], [{"$date": 1518121200000}, 0.5106], [{"$date": 1520632800000}, 0.0], [{"$date": 1520633100000}, 0.0], [{"$date": 1517909040000}, 0.0], [{"$date": 1517909280000}, 0.0], [{"$date": 1520576400000}, 0.0], [{"$date": 1520724780000}, 0.0], [{"$date": 