{"data": [[{"$date": 1522702500000}, 0.0], [{"$date": 1523276940000}, 0.7339], [{"$date": 1527157140000}, 0.0], [{"$date": 1527157380000}, 0.0], [{"$date": 1527161700000}, 0.38585], [{"$date": 1528328100000}, 0.0], [{"$date": 1534812480000}, 0.4404], [{"$date": 1522341960000}, 0.6808], [{"$date": 1528824780000}, 0.0], [{"$date": 1528825680000}, -0.1027], [{"$date": 1524489780000}, 0.4019], [{"$date": 1524510240000}, 0.2732], [{"$date": 1533930000000}, 0.6081], [{"$date": 1524827160000}, 0.3182], [{"$date": 1531130400000}, 0.5255], [{"$date": 1529748000000}, 0.5255], [{"$date": 1529748300000}, 0.5255], [{"$date": 1529750880000}, 0.5255], [{"$date": 1527016620000}, 0.0], [{"$date": 1530210300000}, 0.2023], [{"$date": 1521808500000}, 0.0], [{"$date": 1521831660000}, -0.4019], [{"$date": 1526151960000}, 0.0], [{"$date": 1524921780000}, 0.0], [{"$date": 1525265760000}, 0.0], [{"$date": 1528549380000}, 0.0], [{"$date": 1527392220000}, 0.0], [{"$date": 1525011480000}, 0.3182], [{"$date": 1529427660000}, 0.0], [{"$date": 1525357920000}, 0.0], [{"$date": 1526562600000}, 0.3612], [{"$date": 1531470060000}, 0.0], [{"$date": 1522015860000}, -0.296], [{"$date": 1526864100000}, 0.0], [{"$date": 1525196220000}, 0.0772], [{"$date": 1522836900000}, 0.0], [{"$date": 1524582240000}, 0.0], [{"$date": 1524679440000}, 0.5106], [{"$date": 1529602620000}, 0.0], [{"$date": 1527870780000}, 0.0], [{"$date": 1534102080000}, -0.6908], [{"$date": 1528735680000}, -0.5423], [{"$date": 1528739220000}, 0.0], [{"$date": 1504646400000}, 0.6166], [{"$date": 1504426500000}, 0.0], [{"$date": 1515321600000}, 0.0], [{"$date": 1515321780000}, 0.0], [{"$date": 1505485800000}, 0.0], [{"$date": 1515073800000}, 0.0], [{"$date": 1504893540000}, 0.7506], [{"$date": 1512602520000}, 0.2235], [{"$date": 1504425600000}, 0.7506], [{"$date": 1504425780000}, 0.0], [{"$date": 1504327560000}, 0.7712], [{"$date": 1520491680000}, 0.3818], [{"$date": 1518214500000}, 0.8868], [{"$date": 1514302260000}, 0.5319], [{"$date": 1504455000000}, 0.6166], [{"$date": 1504992840000}, 0.0], [{"$date": 1509084660000}, 0.5859], [{"$date": 1508945100000}, 0.0], [{"$date": 1518299580000}, 0.8868], [{"$date": 1515440040000}, 0.0], [{"$date": 1510938060000}, 0.0], [{"$date": 1504489320000}, 0.0], [{"$date": 1515740700000}, 0.32985], [{"$date": 1505413320000}, 0.0], [{"$date": 1520358480000}, 0.0772], [{"$date": 1505758740000}, 0.0], [{"$date": 1518179220000}, 0.4019], [{"$date": 1504273920000}, 0.7712], [{"$date": 1505964540000}, 0.0], [{"$date": 1515741000000}, 0.32985], [{"$date": 1518343020000}, 0.8868], [{"$date": 1504983720000}, 0.0], [{"$date": 1504794360000}, 0.6166], [{"$date": 1513138920000}, 0.0], [{"$date": 1504892280000}, 0.7506], [{"$date": 1515710760000}, 0.6597], [{"$date": 1504544880000}, 0.0], [{"$date": 1504965300000}, 0.0], [{"$date": 1504638480000}, 0.6166], [{"$date": 1505039820000}, 0.0], [{"$date": 1504487940000}, 0.7506], [{"$date": 1504891440000}, 0.7506], [{"$date": 1508483760000}, 0.0], [{"$date": 1508483940000}, 0.0], [{"$date": 1512346380000}, -0.4215], [{"$date": 1504440600000}, 0.7506], [{"$date": 1504286580000}, 0.7712], [{"$date": 1504708740000}, 0.6166], [{"$date": 1504341720000}, 0.7712], [{"$date": 1516168320000}, 0.1909], [{"$date": 1504508520000}, 0.0], [{"$date": 1509344640000}, 0.0], [{"$date": 1515720360000}, -0.128], [{"$date": 1517272740000}, -0.4619], [{"$date": 1515527640000}, -0.8101], [{"$date": 1515631260000}, 0.4574], [{"$date": 1505246100000}, 0.0], [{"$date": 1504716600000}, 0.7506], [{"$date": 1518142860000}, 0.8494], [{"$date": 1505324760000}, 0.0], [{"$date": 1505167620000}, 0.0], [{"$date": 1504787400000}, 0.0], [{"$date": 1515624180000}, 0.24335], [{"$date": 1507838340000}, -0.8625], [{"$date": 1515135660000}, 0.2023], [{"$date": 1518763320000}, 0.6808], [{"$date": 1504779120000}, 0.7506], [{"$date": 1504779360000}, 0.6166], [{"$date": 1504525260000}, 0.0], [{"$date": 1504764720000}, 0.0], [{"$date": 1505161200000}, 0.0], [{"$date": 1507441620000}, 0.49950000000000006], [{"$date": 1506062820000}, -0.4404], [{"$date": 1505258880000}, 0.0], [{"$date": 1505033160000}, 0.0], [{"$date": 1504926360000}, 0.7506], [{"$date": 1507570740000}, 0.1531], [{"$date": 1515622140000}, 0.5719], [{"$date": 1518348120000}, 0.8868], [{"$date": 1505160060000}, 0.0], [{"$date": 1518135600000}, 0.8494], [{"$date": 1504502640000}, 0.6166], [{"$date": 1504502700000}, 0.6166], [{"$date": 1504471260000}, 0.6166], [{"$date": 1515212700000}, -0.5859], [{"$date": 1504462260000}, 0.6166], [{"$date": 1515975240000}, -0.8718], [{"$date": 1518225120000}, 0.8868], [{"$date": 1504554720000}, 0.0], [{"$date": 1504306740000}, 0.7712], [{"$date": 1514701380000}, 0.0], [{"$date": 1518204720000}, 0.8494], [{"$date": 1505142900000}, 0.0], [{"$date": 1508531700000}, 0.0], [{"$date": 1515711660000}, 0.6597], [{"$date": 1504379100000}, 0.7506], [{"$date": 1518295920000}, 0.8868], [{"$date": 1504636800000}, 0.7506], [{"$date": 1504988640000}, 0.0], [{"$date": 1504458180000}, 0.0], [{"$date": 1505099640000}, 0.0], [{"$date": 1505234040000}, 0.0], [{"$date": 1513692180000}, 0.0], [{"$date": 1520170380000}, 0.0], [{"$date": 1514255460000}, 0.0], [{"$date": 1515161040000}, 0.3548], [{"$date": 1505177220000}, 0.0], [{"$date": 1515170460000}, 0.0], [{"$date": 1504996140000}, 0.0], [{"$date": 1508849160000}, 0.6249], [{"$date": 1504644180000}, 0.7506], [{"$date": 1504703760000}, 0.6166], [{"$date": 1504338540000}, 0.7712], [{"$date": 1508532660000}, 0.0], [{"$date": 1504304700000}, 0.7712], [{"$date": 1504755360000}, 0.7506], [{"$date": 1517001960000}, 0.0], [{"$date": 1506044220000}, 0.8491], [{"$date": 1512472200000}, 0.0], [{"$date": 1504995540000}, 0.0], [{"$date": 1506165180000}, 0.7003], [{"$date": 1505496780000}, 0.0], [{"$date": 1516405800000}, 0.3612], [{"$date": 1504305240000}, 0.7712], [{"$date": 1504895160000}, 0.7506], [{"$date": 1518124800000}, 0.8494], [{"$date": 1518125340000}, 0.8494], [{"$date": 1504895400000}, 0.6166], [{"$date": 1505015520000}, 0.0], [{"$date": 1504416240000}, 0.7506], [{"$date": 1518090000000}, 0.6369], [{"$date": 1504629180000}, 0.0], [{"$date": 1504425060000}, 0.0], [{"$date": 1504425540000}, 0.0], [{"$date": 1504770540000}, 0.0], [{"$date": 1504346040000}, 0.7712], [{"$date": 1504924800000}, 0.0], [{"$date": 1504925220000}, 0.7506], [{"$date": 1518118920000}, 0.8494], [{"$date": 1518252180000}, 0.8868], [{"$date": 1518028020000}, 0.5789], [{"$date": 1514899560000}, 0.0], [{"$date": 1505749140000}, 0.0], [{"$date": 1511159160000}, 0.2732], [{"$date": 1518230820000}, 0.8868], [{"$date": 1504423320000}, 0.0], [{"$date": 1505313960000}, 0.0], [{"$date": 1504556100000}, 0.0], [{"$date": 1518118560000}, 0.8494], [{"$date": 1504324500000}, 0.7712], [{"$date": 1504902660000}, 0.6166], [{"$date": 1515175800000}, 0.0], [{"$date": 1504528320000}, 0.0], [{"$date": 1504873860000}, 0.7506], [{"$date": 1518191640000}, 0.8494], [{"$date": 1504791960000}, 0.6166], [{"$date": 1505403300000}, 0.0], [{"$date": 1504556700000}, 0.0], [{"$date": 1515972420000}, 0.8481], [{"$date": 1504522440000}, 0.6166], [{"$date": 1504481280000}, 0.6166], [{"$date": 1515634080000}, 0.0]]}